Unnamed: 0,Date,User,Tweet,Tweet Language,Like Count,Reetweet Count,Reply Count,Quote Count,Hashtags,inReplyToUser,Mentioned Users,Month,Year,Mention Count,Hashtag Count,Emoji Count,Word Count,Tweet Vulgarity,New Tweet,Sentiment Subjectivity,Sentiment Polarity,ASCII Tweet,Character Count
664,2018-01-03 18:00:03+00:00,Cristiano,A new year can mean new goals üèÜ. What are yours? #BehindTheResults https://t.co/KuCbOJswpZ,en,57605,5013,1192,233,['BehindTheResults'],0,0,1,2018,0,1,1,13,False,new year mean new goals üèÜ behindtheresults,0.5321969696969697,-0.013257575757575765,131903,90
663,2018-01-05 18:05:37+00:00,Cristiano,Home away from home #pestanacr7lisbon https://t.co/LB4KiKpK13,en,70327,5408,1156,198,['pestanacr7lisbon'],0,0,1,2018,0,1,0,6,False,home away home pestanacr7lisbon,0.0,0.0,3043,61
661,2018-01-11 08:00:02+00:00,Cristiano,"The wait is over, my AF1 CR7 is launching today! Now available Globally on https://t.co/hiajNcJH0B, the Nike SNEAKRS App and select retailers.üëå #AF1 #CR7 https://t.co/9ByGWNqYXj",en,39454,3675,724,398,"['AF1', 'CR7']",0,0,1,2018,0,2,1,25,False,wait af1 cr7 launching today available globally nike sneakrs app select retailersüëå af1 cr7,0.2,0.2,136356,177
660,2018-01-15 15:08:48+00:00,Cristiano,Wearing my Signature CR7 Steel Shirt üëå Comfort is the new luxury. Find yours now on https://t.co/rIL6OxcBQk @cr7limitless #CR7Denim https://t.co/t9SGSc7nsh,en,36648,2804,871,190,['CR7Denim'],0,"[User(username='CR7limitless', id=847086754226167808, displayname='CR7', rawDescription=None, renderedDescription=None, descriptionLinks=None, verified=None, created=None, followersCount=None, friendsCount=None, statusesCount=None, favouritesCount=None, listedCount=None, mediaCount=None, location=None, protected=None, link=None, profileImageUrl=None, profileBannerUrl=None, label=None)]",1,2018,1,1,1,20,False,wearing signature cr7 steel shirt üëå comfort new luxury find cr7limitless cr7denim,0.45454545454545453,0.13636363636363635,135767,155
659,2018-01-16 17:41:42+00:00,Cristiano,Honored to be nominated for the 2017 Laureus Sportsman of the Year Award. This is only possible because of the great team effort at Real Madrid. Thanks to all my team-mates and also to the world‚Äôs media for having placed me among the candidates to win this very special award.,en,53513,6891,1539,281,0,0,0,1,2018,0,0,0,50,False,honored nominated 2017 laureus sportsman year award possible great team effort real madrid thanks teammates also world‚Äôs media placed among candidates win special award,0.6275510204081632,0.3520408163265306,24108,276
658,2018-01-19 16:00:04+00:00,Cristiano,9Ô∏è‚É£9Ô∏è‚É£! Highest-rated player in the @easportsfifa Team of the Year! Thanks for picking me üôå https://t.co/ak34v7CWBe #FIFA18 #FUT #TOTY https://t.co/i5Iti8nl0l,en,43683,5818,923,388,"['FIFA18', 'FUT', 'TOTY']",0,"[User(username='EASPORTSFIFA', id=105297123, displayname='EA SPORTS FIFA', rawDescription=None, renderedDescription=None, descriptionLinks=None, verified=None, created=None, followersCount=None, friendsCount=None, statusesCount=None, favouritesCount=None, listedCount=None, mediaCount=None, location=None, protected=None, link=None, profileImageUrl=None, profileBannerUrl=None, label=None)]",1,2018,1,3,1,20,False,9Ô∏è‚É£9Ô∏è‚É£ highestrated player easportsfifa team year thanks picking üôå fifa18 fut toty,0.2,0.2,282742,158
656,2018-01-20 18:04:53+00:00,Cristiano,"You might see the shots I take on the field, but you don‚Äôt see what‚Äôs behind those results - countless hours of training and a commitment to good nutrition. https://t.co/ovJlD6pc7p",en,59409,6715,1205,455,0,0,0,1,2018,0,0,0,30,False,might see shots take field don‚Äôt see what‚Äôs behind results countless hours training commitment good nutrition,0.6,0.09999999999999998,26902,180
652,2018-01-29 14:43:42+00:00,Cristiano,Glad to win the award of the ÊáÇÁêÉÂ∏ù(All Football) 2017 best player. Thanks to the Chinese fans who have voted on me. https://t.co/B92Os5fbXx,en,74143,8169,1448,396,0,0,0,1,2018,0,0,0,23,False,glad win award ÊáÇÁêÉÂ∏ùall football 2017 best player thanks chinese fans voted,0.38,0.5,85242,137
651,2018-01-30 13:38:05+00:00,Cristiano,"Esta noche no te pierdas ‚ÄúEn el coraz√≥n de la 12‚Äù, en RMTV (22:30h) https://t.co/dWGZdy2sd6",es,37691,6272,547,241,0,0,0,1,2018,0,0,0,15,False,esta noche te pierdas ‚Äúen el coraz√≥n de la 12‚Äù en rmtv 2230h,0.0,0.0,21532,91
650,2018-01-30 20:00:04+00:00,Cristiano,Denim on denim üëñ living in my CR7 jeans üëå Get yours now on https://t.co/rIL6OwV0rK @cr7limitless #CR7Denim #CR7Jeans https://t.co/pc6ippbitm,en,36357,2916,610,183,"['CR7Denim', 'CR7Jeans']",0,"[User(username='CR7limitless', id=847086754226167808, displayname='CR7', rawDescription=None, renderedDescription=None, descriptionLinks=None, verified=None, created=None, followersCount=None, friendsCount=None, statusesCount=None, favouritesCount=None, listedCount=None, mediaCount=None, location=None, protected=None, link=None, profileImageUrl=None, profileBannerUrl=None, label=None)]",1,2018,1,2,2,19,False,denim denim üëñ living cr7 jeans üëå get cr7limitless cr7denim cr7jeans,0.0,0.0,262138,140
648,2018-01-31 20:00:05+00:00,Cristiano,#CR7Fragrance the perfect scent for Valentines day! https://t.co/gNubub7SDE,en,21473,1753,375,65,['CR7Fragrance'],0,0,1,2018,0,1,0,8,False,cr7fragrance perfect scent valentines day,1.0,1.0,4018,75
647,2018-02-01 16:02:21+00:00,Cristiano,New jersey. Thoughts? üòâ #Ad https://t.co/7icciDe4UR,en,37207,3473,623,179,['Ad'],0,0,2,2018,0,1,1,6,False,new jersey thoughts üòâ ad,0.45454545454545453,0.13636363636363635,130720,51
644,2018-02-05 01:51:51+00:00,Cristiano,"Not bad for my first time playing football üí™üèº 
https://t.co/oAaLFOnMn8",en,58387,10391,934,630,0,0,0,2,2018,0,0,1,10,False,bad first time playing football üí™üèº,0.5,0.29999999999999993,259211,70
642,2018-02-05 19:29:52+00:00,Cristiano,Job done with a special partner on my birthday!üí™üèΩ‚ù§Ô∏è#livelifefit https://t.co/4hGRRssTZv,en,54825,4805,886,313,['livelifefit'],0,0,2,2018,0,1,1,10,False,job done special partner birthdayüí™üèΩ‚ù§Ô∏èlivelifefit,0.5714285714285714,0.35714285714285715,335682,87
641,2018-02-05 22:37:10+00:00,Cristiano,"Thanks @Nike for this amazing birthday gift!üéÅüëüüëåüèΩüîù
#24kgold #AF1 #CR7 https://t.co/LYDy58Vs13",en,73198,7613,1106,514,"['24kgold', 'AF1', 'CR7']",0,"[User(username='Nike', id=415859364, displayname='Nike', rawDescription=None, renderedDescription=None, descriptionLinks=None, verified=None, created=None, followersCount=None, friendsCount=None, statusesCount=None, favouritesCount=None, listedCount=None, mediaCount=None, location=None, protected=None, link=None, profileImageUrl=None, profileBannerUrl=None, label=None)]",2,2018,1,3,1,11,False,thanks nike amazing birthday giftüéÅüëüüëåüèΩüîù 24kgold af1 cr7,0.55,0.4,644793,92
640,2018-02-06 08:08:41+00:00,Cristiano,#NovaFotoDoPerfil https://t.co/36nZtKDiMQ,qme,67203,6197,639,243,['NovaFotoDoPerfil'],0,0,2,2018,0,1,0,2,False,novafotodoperfil,0.0,0.0,1729,41
639,2018-02-06 08:09:04+00:00,Cristiano,#bornmercurial @nikefootball https://t.co/ugnl0Ef6Xb,qme,43295,4574,482,108,['bornmercurial'],0,"[User(username='nikefootball', id=41147159, displayname='Nike Football', rawDescription=None, renderedDescription=None, descriptionLinks=None, verified=None, created=None, followersCount=None, friendsCount=None, statusesCount=None, favouritesCount=None, listedCount=None, mediaCount=None, location=None, protected=None, link=None, profileImageUrl=None, profileBannerUrl=None, label=None)]",2,2018,1,1,0,3,False,bornmercurial nikefootball,0.0,0.0,2703,52
638,2018-02-07 12:19:48+00:00,Cristiano,Me and my boy üíô Rocking our @cr7limitless &amp; @cr7junior gear | https://t.co/rIL6OxcBQk #CR7Denim #CR7Jeans #CR7Squad https://t.co/wGuGCAP2mg,en,57404,4812,1060,181,"['CR7Denim', 'CR7Jeans', 'CR7Squad']",0,"[User(username='CR7limitless', id=847086754226167808, displayname='CR7', rawDescription=None, renderedDescription=None, descriptionLinks=None, verified=None, created=None, followersCount=None, friendsCount=None, statusesCount=None, favouritesCount=None, listedCount=None, mediaCount=None, location=None, protected=None, link=None, profileImageUrl=None, profileBannerUrl=None, label=None), User(username='CR7JUNIOR', id=105973291, displayname='junior Paredes', rawDescription=None, renderedDescription=None, descriptionLinks=None, verified=None, created=None, followersCount=None, friendsCount=None, statusesCount=None, favouritesCount=None, listedCount=None, mediaCount=None, location=None, protected=None, link=None, profileImageUrl=None, profileBannerUrl=None, label=None)]",2,2018,2,3,1,17,False,boy üíô rocking cr7limitless amp cr7junior gear cr7denim cr7jeans cr7squad,0.0,0.0,134834,143
634,2018-02-15 11:05:33+00:00,Cristiano,One üåç where we all ‚ù§ our children. Please help. #Rohingya #Refugee @SavetheChildren  https://t.co/t2eJN244Jl https://t.co/9ZPwe5olJC,en,78269,17149,1599,677,"['Rohingya', 'Refugee']",0,"[User(username='SavetheChildren', id=14055301, displayname='Save the Children US', rawDescription=None, renderedDescription=None, descriptionLinks=None, verified=None, created=None, followersCount=None, friendsCount=None, statusesCount=None, favouritesCount=None, listedCount=None, mediaCount=None, location=None, protected=None, link=None, profileImageUrl=None, profileBannerUrl=None, label=None)]",2,2018,1,2,1,15,False,one üåç ‚ù§ children please help rohingya refugee savethechildren,0.0,0.0,143516,132
631,2018-02-22 17:40:33+00:00,Cristiano,"Try to Keep Up üêÜ #BornMercurial
 
Introducing the Mercurial Superfly 360, available February 26 at https://t.co/oWxckoywkD https://t.co/UDvKWKjlNd",en,28125,3377,420,95,['BornMercurial'],0,0,2,2018,0,1,1,17,False,try keep üêÜ bornmercurial introducing mercurial superfly 360 available february 26,0.4,0.4,135589,146
630,2018-02-23 18:00:03+00:00,Cristiano,Best of luck to #Egyptian_Steel latest addition...The soon to open ‚ÄúAL AIN AL SOKHNA‚Äù steel plant @ahmedabohashima @egyptiansteel #A_New_Generation_Of_Steel https://t.co/AJEoTZ09F0,en,24531,1912,490,109,"['Egyptian_Steel', 'A_New_Generation_Of_Steel']",0,"[User(username='ahmedabohashima', id=828978278, displayname='ahmedabohashima', rawDescription=None, renderedDescription=None, descriptionLinks=None, verified=None, created=None, followersCount=None, friendsCount=None, statusesCount=None, favouritesCount=None, listedCount=None, mediaCount=None, location=None, protected=None, link=None, profileImageUrl=None, profileBannerUrl=None, label=None), User(username='EgyptianSteel', id=1172053177, displayname='Egyptian Steel', rawDescription=None, renderedDescription=None, descriptionLinks=None, verified=None, created=None, followersCount=None, friendsCount=None, statusesCount=None, favouritesCount=None, listedCount=None, mediaCount=None, location=None, protected=None, link=None, profileImageUrl=None, profileBannerUrl=None, label=None)]",2,2018,2,2,0,20,False,best luck egyptiansteel latest additionthe soon open ‚Äúal al sokhna‚Äù steel plant ahmedabohashima egyptiansteel anewgenerationofsteel,0.5666666666666667,0.5,29196,180
627,2018-02-25 18:43:18+00:00,Cristiano,To more mornings like this at my¬†@PestanaCR7 Lisbon hotel https://t.co/NBouh25NXH,en,35296,2533,531,63,0,0,"[User(username='PestanaCR7', id=714855921466359809, displayname='Pestana CR7', rawDescription=None, renderedDescription=None, descriptionLinks=None, verified=None, created=None, followersCount=None, friendsCount=None, statusesCount=None, favouritesCount=None, listedCount=None, mediaCount=None, location=None, protected=None, link=None, profileImageUrl=None, profileBannerUrl=None, label=None)]",2,2018,1,0,0,11,False,mornings like pestanacr7 lisbon hotel,0.5,0.5,3629,81
626,2018-03-01 21:45:19+00:00,Cristiano,üêÜ #bornmercurial https://t.co/Ce55ar3ysT,und,63943,5978,805,157,['bornmercurial'],0,0,3,2018,0,1,1,3,False,üêÜ bornmercurial,0.0,0.0,129435,40
621,2018-03-08 18:00:02+00:00,Cristiano,My SS18 @CR7Underwear campaign launches today! Go to https://t.co/Vlium6FXZ6 to check it out. ;) https://t.co/hnQg3EGb0N,en,18531,1316,305,83,0,0,"[User(username='CR7underwear', id=1908014876, displayname='CR7 Underwear', rawDescription=None, renderedDescription=None, descriptionLinks=None, verified=None, created=None, followersCount=None, friendsCount=None, statusesCount=None, favouritesCount=None, listedCount=None, mediaCount=None, location=None, protected=None, link=None, profileImageUrl=None, profileBannerUrl=None, label=None)]",3,2018,1,0,0,15,False,ss18 cr7underwear campaign launches today go check,1.0,0.25,4720,120
620,2018-03-08 18:03:07+00:00,Cristiano,My SS18 CR7 Underwear campaign launches today! Go to https://t.co/D3TT7ERIz0 to check it out. ;) https://t.co/mnsPjMaewI,en,32253,2348,550,180,0,0,0,3,2018,0,0,0,16,False,ss18 cr7 underwear campaign launches today go check,1.0,0.25,4752,120
619,2018-03-09 16:23:24+00:00,Cristiano,Fast meets Fast ‚ö° Great to meet you brother! #bornmercurial #mercurial #nikefootball https://t.co/Kfp3acbLRm,en,68537,7913,839,392,"['bornmercurial', 'mercurial', 'nikefootball']",0,0,3,2018,0,3,0,13,False,fast meets fast ‚ö° great meet brother bornmercurial mercurial nikefootball,0.65,0.4666666666666666,16930,108
617,2018-03-11 17:59:53+00:00,Cristiano,That feeling when you reach your goal üí™ See how @herbalife is helping people achieve their goals https://t.co/v6s4fEuTNy #BehindTheResults #FuelYourSXSW https://t.co/4TCn1TUvOe,en,43809,3816,748,115,"['BehindTheResults', 'FuelYourSXSW']",0,"[User(username='Herbalife', id=11071292, displayname='Herbalife', rawDescription=None, renderedDescription=None, descriptionLinks=None, verified=None, created=None, followersCount=None, friendsCount=None, statusesCount=None, favouritesCount=None, listedCount=None, mediaCount=None, location=None, protected=None, link=None, profileImageUrl=None, profileBannerUrl=None, label=None)]",3,2018,1,2,1,21,False,feeling reach goal üí™ see herbalife helping people achieve goals behindtheresults fuelyoursxsw,0.0,0.0,137165,176
616,2018-03-12 18:00:00+00:00,Cristiano,Still legendary together. 10 years and counting. #ClearMen #WorldNo1MenShampoo https://t.co/9n5Ccwy3DE,en,54172,4087,824,154,"['ClearMen', 'WorldNo1MenShampoo']",0,0,3,2018,0,2,0,10,False,still legendary together 10 years counting clearmen worldno1menshampoo,1.0,1.0,6853,102
615,2018-03-13 11:13:01+00:00,Cristiano,Be strong. Have faith. Never give up.  #7WordsForSyria @SavetheChildren https://t.co/WjGltzXhSV,en,59272,21931,2492,1319,['7WordsForSyria'],0,"[User(username='SavetheChildren', id=14055301, displayname='Save the Children US', rawDescription=None, renderedDescription=None, descriptionLinks=None, verified=None, created=None, followersCount=None, friendsCount=None, statusesCount=None, favouritesCount=None, listedCount=None, mediaCount=None, location=None, protected=None, link=None, profileImageUrl=None, profileBannerUrl=None, label=None)]",3,2018,1,1,0,10,False,strong faith never give 7wordsforsyria savethechildren,0.7333333333333333,0.4333333333333333,5410,95
613,2018-03-15 18:12:30+00:00,Cristiano,"Hola Madrid,
we are on the way! #pestana #pestanacr7 #cr7 #2019 #pestanacr7madrid #spain #madrid https://t.co/Z94V4BaVba",en,42683,2924,688,90,"['pestana', 'pestanacr7', 'cr7', 'pestanacr7madrid', 'spain', 'madrid']",0,0,3,2018,0,6,0,15,False,hola madrid way pestana pestanacr7 cr7 2019 pestanacr7madrid spain madrid,0.0,0.0,6711,120
612,2018-03-17 08:00:00+00:00,Cristiano,"Dedicated SINCE the Beginning. #BornMercurial
Get THE Mercurial superFly 360 now at https://t.co/pzHBG6y9o5 https://t.co/497HZTdNeB",en,40078,5274,659,194,['BornMercurial'],0,0,3,2018,0,1,0,14,False,dedicated since beginning bornmercurial get mercurial superfly 360,0.0,0.0,6342,131
608,2018-03-20 09:34:29+00:00,Cristiano,"Fight as one, rise together !‚öΩ
The new @Portugal National Team Collection, available on
March 23rd on https://t.co/vmUIWvypW2 #Portugal #NikeFootball #TudoPorPortugal @nikefootball https://t.co/xJMxXU64Tt",en,69512,7853,907,337,"['Portugal', 'NikeFootball', 'TudoPorPortugal']",0,"[User(username='Portugal', id=158597935, displayname='Portugal', rawDescription=None, renderedDescription=None, descriptionLinks=None, verified=None, created=None, followersCount=None, friendsCount=None, statusesCount=None, favouritesCount=None, listedCount=None, mediaCount=None, location=None, protected=None, link=None, profileImageUrl=None, profileBannerUrl=None, label=None), User(username='nikefootball', id=41147159, displayname='Nike Football', rawDescription=None, renderedDescription=None, descriptionLinks=None, verified=None, created=None, followersCount=None, friendsCount=None, statusesCount=None, favouritesCount=None, listedCount=None, mediaCount=None, location=None, protected=None, link=None, profileImageUrl=None, profileBannerUrl=None, label=None)]",3,2018,2,3,0,23,False,fight one rise together ‚öΩ new portugal national team collection available march 23rd portugal nikefootball tudoporportugal nikefootball,0.42727272727272725,0.2681818181818182,22987,204
604,2018-03-24 18:00:03+00:00,Cristiano,Results don‚Äôt happen overnight. It takes daily commitment. Watch my #BehindTheResults video with #HerbalifeNutrition https://t.co/1jwQxJIfmv,en,44157,4760,920,153,"['BehindTheResults', 'HerbalifeNutrition']",0,0,3,2018,0,2,0,15,False,results don‚Äôt happen overnight takes daily commitment watch behindtheresults video herbalifenutrition,0.0,0.0,18259,140
599,2018-04-06 17:00:03+00:00,Cristiano,"Preparing my suitcase for a new trip!  Which colors look best on me?
Travel in style with #AmericanTourister #BringBackMore
Find out more at https://t.co/J6GqaZLIC8
#MeAndMyAT https://t.co/W2A0XgiAwo",en,34093,2534,1197,130,"['AmericanTourister', 'BringBackMore', 'MeAndMyAT']",0,0,4,2018,0,3,0,26,False,preparing suitcase new trip colors look best travel style americantourister bringbackmore find meandmyat,0.41818181818181815,0.5568181818181818,10318,199
596,2018-04-13 11:46:07+00:00,Cristiano,Please support @able2uk today as the disabled awareness organisation celebrates its 17th anniversary #able2uk,en,30859,3071,627,78,['able2uk'],0,"[User(username='able2uk', id=41458237, displayname='able2uk.com', rawDescription=None, renderedDescription=None, descriptionLinks=None, verified=None, created=None, followersCount=None, friendsCount=None, statusesCount=None, favouritesCount=None, listedCount=None, mediaCount=None, location=None, protected=None, link=None, profileImageUrl=None, profileBannerUrl=None, label=None)]",4,2018,1,1,0,14,False,please support able2uk today disabled awareness organisation celebrates 17th anniversary able2uk,0.3,-0.2,9315,109
595,2018-04-14 12:07:40+00:00,Cristiano,Congratulations @egyptiansteel for the opening in ‚ÄúAl Ain Al Sokhna‚Äùusing the newest eco-friendly technology in the world. @ahmedabohashima #A_New_Generation_Of_Steel https://t.co/RyxWOU9Y9L,en,24184,2051,404,89,['A_New_Generation_Of_Steel'],0,"[User(username='EgyptianSteel', id=1172053177, displayname='Egyptian Steel', rawDescription=None, renderedDescription=None, descriptionLinks=None, verified=None, created=None, followersCount=None, friendsCount=None, statusesCount=None, favouritesCount=None, listedCount=None, mediaCount=None, location=None, protected=None, link=None, profileImageUrl=None, profileBannerUrl=None, label=None), User(username='ahmedabohashima', id=828978278, displayname='ahmedabohashima', rawDescription=None, renderedDescription=None, descriptionLinks=None, verified=None, created=None, followersCount=None, friendsCount=None, statusesCount=None, favouritesCount=None, listedCount=None, mediaCount=None, location=None, protected=None, link=None, profileImageUrl=None, profileBannerUrl=None, label=None)]",4,2018,2,1,0,20,False,congratulations egyptiansteel opening ‚Äúal al sokhna‚Äùusing newest ecofriendly technology world ahmedabohashima anewgenerationofsteel,0.0,0.0,29451,190
588,2018-04-30 11:12:17+00:00,Cristiano,"The perfect boot for my biggest matches. ‚öΩ üí™
Get yours on https://t.co/Td9BJOXwaj. #Mercurial #Nikefootball https://t.co/yU9dTFXuHo",en,65187,5792,1073,216,"['Mercurial', 'Nikefootball']",0,0,4,2018,0,2,1,16,False,perfect boot biggest matches ‚öΩ üí™ get mercurial nikefootball,1.0,1.0,143564,131
586,2018-05-03 15:00:03+00:00,Cristiano,Ready for Russia? The FIFA #WorldCup comes to #FIFA18 on May 29th üéÆüëå @easportsfifa https://t.co/42DLu8MXWN https://t.co/T1VbAdifja,en,55454,7847,938,279,"['WorldCup', 'FIFA18']",0,"[User(username='EASPORTSFIFA', id=105297123, displayname='EA SPORTS FIFA', rawDescription=None, renderedDescription=None, descriptionLinks=None, verified=None, created=None, followersCount=None, friendsCount=None, statusesCount=None, favouritesCount=None, listedCount=None, mediaCount=None, location=None, protected=None, link=None, profileImageUrl=None, profileBannerUrl=None, label=None)]",5,2018,1,2,1,16,False,ready russia fifa worldcup comes fifa18 may 29th üéÆüëå easportsfifa,0.5,0.2,261751,130
585,2018-05-04 17:00:02+00:00,Cristiano,"Madeira Island, the place where I was born, is nominated for Europes‚Äôs Leading Island Destination! Let‚Äôs all vote?
Click the link below to place your vote:
https://t.co/zva1aGBD8G
@madeira_islands https://t.co/Ao8KmXApD6",en,22505,2156,477,64,0,0,"[User(username='madeira_islands', id=429167642, displayname='Madeira Islands', rawDescription=None, renderedDescription=None, descriptionLinks=None, verified=None, created=None, followersCount=None, friendsCount=None, statusesCount=None, favouritesCount=None, listedCount=None, mediaCount=None, location=None, protected=None, link=None, profileImageUrl=None, profileBannerUrl=None, label=None)]",5,2018,1,0,0,29,False,madeira island place born nominated europes‚Äôs leading island destination let‚Äôs vote click link place vote madeiraislands,0.0,0.0,27882,220
581,2018-05-16 11:12:25+00:00,Cristiano,"Muito contente por anunciar o gesto do meu amigo @enriqueiglesias em doar 7‚É£% das receitas do concerto em Lisboa,ao IPO.
#7solidario https://t.co/tmqGhNU5xC",pt,24898,2206,339,73,['7solidario'],0,"[User(username='enriqueiglesias', id=46452468, displayname='Enrique Iglesias', rawDescription=None, renderedDescription=None, descriptionLinks=None, verified=None, created=None, followersCount=None, friendsCount=None, statusesCount=None, favouritesCount=None, listedCount=None, mediaCount=None, location=None, protected=None, link=None, profileImageUrl=None, profileBannerUrl=None, label=None)]",5,2018,1,1,0,22,False,muito contente por anunciar gesto meu amigo enriqueiglesias em doar 7‚É£ das receitas concerto em lisboaao ipo 7solidario,0.0,0.0,19688,156
579,2018-05-17 17:30:01+00:00,Cristiano,Pleased with this great partnership with #egyptiansteel @ahmedabohashima #A_New_Generation_Of_Steel https://t.co/4h4OHy365u,en,22483,1896,408,65,"['egyptiansteel', 'A_New_Generation_Of_Steel']",0,"[User(username='ahmedabohashima', id=828978278, displayname='ahmedabohashima', rawDescription=None, renderedDescription=None, descriptionLinks=None, verified=None, created=None, followersCount=None, friendsCount=None, statusesCount=None, favouritesCount=None, listedCount=None, mediaCount=None, location=None, protected=None, link=None, profileImageUrl=None, profileBannerUrl=None, label=None)]",5,2018,1,2,0,10,False,pleased great partnership egyptiansteel ahmedabohashima anewgenerationofsteel,0.875,0.65,7828,123
578,2018-05-18 12:04:45+00:00,Cristiano,"We‚Äôve made it last year in Funchal, let‚Äôs do it for Lisbon this year! 
Click here: https://t.co/PfvzZ5oaCJ vote ;) 
#pestana #pestanacr7 #worldtravelawards #pestanacr7lisbon #cr7 #lisbon #portugal https://t.co/pJqIyLWnsq",en,51134,4076,759,119,"['pestana', 'pestanacr7', 'worldtravelawards', 'pestanacr7lisbon', 'cr7', 'lisbon', 'portugal']",0,0,5,2018,0,7,0,27,False,we‚Äôve made last year funchal let‚Äôs lisbon year click vote pestana pestanacr7 worldtravelawards pestanacr7lisbon cr7 lisbon portugal,0.5333333333333333,0.125,28950,220
574,2018-05-23 15:03:03+00:00,Cristiano,Can‚Äôt wait to work with @Herbalife Nutrition for another 3 years! Proud to call them my partner in performance #HerbalifeNutrition https://t.co/xgMeqOCNof https://t.co/rTi7SZEtql,en,23093,2235,379,132,['HerbalifeNutrition'],0,"[User(username='Herbalife', id=11071292, displayname='Herbalife', rawDescription=None, renderedDescription=None, descriptionLinks=None, verified=None, created=None, followersCount=None, friendsCount=None, statusesCount=None, favouritesCount=None, listedCount=None, mediaCount=None, location=None, protected=None, link=None, profileImageUrl=None, profileBannerUrl=None, label=None)]",5,2018,1,1,0,22,False,can‚Äôt wait work herbalife nutrition another 3 years proud call partner performance herbalifenutrition,1.0,0.8,18031,178
573,2018-05-23 20:00:02+00:00,Cristiano,Don‚Äôt miss my sisters Elma Aveiro e @KatiaAveiro at Madeira Fashion Weekend on June 2 and 3! The party goes on at @PestanaCR7 rooftop! https://t.co/VdretpcKm1,en,27248,1879,369,48,0,0,"[User(username='KatiaAveiro', id=498854419, displayname='Katia Aveiro', rawDescription=None, renderedDescription=None, descriptionLinks=None, verified=None, created=None, followersCount=None, friendsCount=None, statusesCount=None, favouritesCount=None, listedCount=None, mediaCount=None, location=None, protected=None, link=None, profileImageUrl=None, profileBannerUrl=None, label=None), User(username='PestanaCR7', id=714855921466359809, displayname='Pestana CR7', rawDescription=None, renderedDescription=None, descriptionLinks=None, verified=None, created=None, followersCount=None, friendsCount=None, statusesCount=None, favouritesCount=None, listedCount=None, mediaCount=None, location=None, protected=None, link=None, profileImageUrl=None, profileBannerUrl=None, label=None)]",5,2018,2,0,0,25,False,don‚Äôt miss sisters elma aveiro e katiaaveiro madeira fashion weekend june 2 3 party goes pestanacr7 rooftop,0.0,0.0,18245,158
571,2018-05-24 18:29:42+00:00,Cristiano,"If you believe, why not?
#NIKEFOOTBALL #NIKESOCCER #MERCURIAL #BORNMERCURIAL #JUSTDOIT https://t.co/p0CnaLz5EH",en,70067,7146,1057,473,"['NIKEFOOTBALL', 'NIKESOCCER', 'MERCURIAL', 'BORNMERCURIAL', 'JUSTDOIT']",0,0,5,2018,0,5,0,11,False,believe nikefootball nikesoccer mercurial bornmercurial justdoit,0.0,0.0,6475,110
566,2018-05-31 13:00:00+00:00,Cristiano,"Are you donating blood and plasma regularly? Guess who could be next to you next time you donate!‚òùüèº‚òùüèº BE THE 1. 
Save a life! Sign up to donate now at https://t.co/l70xoGKjO3 https://t.co/COLcWn7JDN",en,70994,7077,1330,620,0,0,0,5,2018,0,0,2,32,False,donating blood plasma regularly guess could next next time donate‚òùüèº‚òùüèº 1 save life sign donate,0.025641025641025644,0.0,283965,198
565,2018-06-01 16:01:42+00:00,Cristiano,"Never finished üáµüáπ ‚öΩ üí™

Shop my latest #Mercurial in my personal store at https://t.co/E2zLOUFGP6 #Nike #NikeFootball #BornMercurial https://t.co/U8V6dQFvAs",en,55348,4770,826,151,"['Mercurial', 'Nike', 'NikeFootball', 'BornMercurial']",0,0,6,2018,0,4,2,19,False,never finished üáµüáπ ‚öΩ üí™ shop latest mercurial personal store nike nikefootball bornmercurial,0.6,0.25,401393,155
564,2018-06-04 12:15:25+00:00,Cristiano,The world is watching. Let‚Äôs go to work #HerbalifeNutrition #BehindTheResults #sponsored https://t.co/HSPjsRJ7JK,en,78880,6863,1155,262,"['HerbalifeNutrition', 'BehindTheResults', 'sponsored']",0,0,6,2018,0,3,0,12,False,world watching let‚Äôs go work herbalifenutrition behindtheresults sponsored,0.0,0.0,15599,112
562,2018-06-06 11:00:02+00:00,Cristiano,I‚Äôm bringing together some of the coolest heroes on the planet for my very own Super-Team. Stay tuned for @StrikerForce7! The game is on! @graphicindia &amp; VMS Communications https://t.co/owEPoxTTbV,en,42897,3957,572,215,0,0,"[User(username='StrikerForce7', id=994540152465821696, displayname='Striker Force 7', rawDescription=None, renderedDescription=None, descriptionLinks=None, verified=None, created=None, followersCount=None, friendsCount=None, statusesCount=None, favouritesCount=None, listedCount=None, mediaCount=None, location=None, protected=None, link=None, profileImageUrl=None, profileBannerUrl=None, label=None), User(username='GraphicIndia', id=270121812, displayname='Graphic India', rawDescription=None, renderedDescription=None, descriptionLinks=None, verified=None, created=None, followersCount=None, friendsCount=None, statusesCount=None, favouritesCount=None, listedCount=None, mediaCount=None, location=None, protected=None, link=None, profileImageUrl=None, profileBannerUrl=None, label=None)]",6,2018,2,0,0,29,False,i‚Äôm bringing together coolest heroes planet superteam stay tuned strikerforce7 game graphicindia amp vms communications,0.7,0.23750000000000004,19807,200
560,2018-06-07 11:05:51+00:00,Cristiano,"When you believe you achieve.
@nikefootball #nikefootball #JustDoIt https://t.co/ptLV2VzhMx",en,42780,4368,531,131,"['nikefootball', 'JustDoIt']",0,"[User(username='nikefootball', id=41147159, displayname='Nike Football', rawDescription=None, renderedDescription=None, descriptionLinks=None, verified=None, created=None, followersCount=None, friendsCount=None, statusesCount=None, favouritesCount=None, listedCount=None, mediaCount=None, location=None, protected=None, link=None, profileImageUrl=None, profileBannerUrl=None, label=None)]",6,2018,1,2,0,9,False,believe achieve nikefootball nikefootball justdoit,0.0,0.0,5019,91
557,2018-06-09 12:40:57+00:00,Cristiano,"Time to pack!
Let‚Äôs do it, team! ‚öΩ
 
#AmericanTourister #BringBackMore https://t.co/chjLBaU4tc",en,38897,3522,455,77,"['AmericanTourister', 'BringBackMore']",0,0,6,2018,0,2,0,11,False,time pack let‚Äôs team ‚öΩ americantourister bringbackmore,0.0,0.0,23242,94
554,2018-06-10 18:33:39+00:00,Cristiano,Sonhar √© humano ‚Ä¶. e somos do tamanho dos nossos sonhos! @MEOpt https://t.co/8SM7UQW8Op,pt,39925,4932,598,255,0,0,"[User(username='MEOpt', id=19904728, displayname='MEO', rawDescription=None, renderedDescription=None, descriptionLinks=None, verified=None, created=None, followersCount=None, friendsCount=None, statusesCount=None, favouritesCount=None, listedCount=None, mediaCount=None, location=None, protected=None, link=None, profileImageUrl=None, profileBannerUrl=None, label=None)]",6,2018,1,0,0,13,False,sonhar √© humano ‚Ä¶ e somos tamanho dos nossos sonhos meopt,0.0,0.0,13706,87
553,2018-06-13 07:04:52+00:00,Cristiano,"In my mind, there‚Äôs only one winner.
 
Believe. #justdoit @nikefootball https://t.co/7Z1btfgSHI",en,60337,6479,884,238,['justdoit'],0,"[User(username='nikefootball', id=41147159, displayname='Nike Football', rawDescription=None, renderedDescription=None, descriptionLinks=None, verified=None, created=None, followersCount=None, friendsCount=None, statusesCount=None, favouritesCount=None, listedCount=None, mediaCount=None, location=None, protected=None, link=None, profileImageUrl=None, profileBannerUrl=None, label=None)]",6,2018,1,1,0,11,False,mind there‚Äôs one winner believe justdoit nikefootball,1.0,0.0,13357,95
552,2018-06-14 07:00:00+00:00,Cristiano,"I‚Äôm so glad I went for it - it was the greatest goal I‚Äôve ever scored.
Believe. #justdoit @nikefootball https://t.co/iSFRsSW4nc",en,60939,9703,906,450,['justdoit'],0,"[User(username='nikefootball', id=41147159, displayname='Nike Football', rawDescription=None, renderedDescription=None, descriptionLinks=None, verified=None, created=None, followersCount=None, friendsCount=None, statusesCount=None, favouritesCount=None, listedCount=None, mediaCount=None, location=None, protected=None, link=None, profileImageUrl=None, profileBannerUrl=None, label=None)]",6,2018,1,1,0,20,False,i‚Äôm glad went greatest goal i‚Äôve ever scored believe justdoit nikefootball,1.0,0.75,23394,127
551,2018-06-14 14:17:42+00:00,Cristiano,Celebrating World Blood Donor Day and the start of¬†the World Cup! Feeling strong with my young blood donors team! Respect for all you do to help people live a healthier life‚Ä¶everyday‚Ä¶everywhere! #2018WorldBloodDonorDay #BeThe1Donor ‚òùüèº‚òùüèºhttps://t.co/l70xoGKjO3 https://t.co/Kgof7dI50Q,en,41951,3954,704,136,"['2018WorldBloodDonorDay', 'BeThe1Donor']",0,0,6,2018,0,2,2,36,False,celebrating world blood donor day start world cup feeling strong young blood donors team respect help people live healthier life‚Ä¶everyday‚Ä¶everywhere 2018worldblooddonorday bethe1donor ‚òùüèº‚òùüèº,0.5444444444444444,0.2429292929292929,309632,283
548,2018-06-19 07:00:00+00:00,Cristiano,"WHEN I TALK TO THE BALL, IT LISTENS.
 
BELIEVE. #JUSTDOIT @NIKEFOOTBALL https://t.co/gUSFBj26b8",en,79530,11955,1465,593,['JUSTDOIT'],0,"[User(username='nikefootball', id=41147159, displayname='Nike Football', rawDescription=None, renderedDescription=None, descriptionLinks=None, verified=None, created=None, followersCount=None, friendsCount=None, statusesCount=None, favouritesCount=None, listedCount=None, mediaCount=None, location=None, protected=None, link=None, profileImageUrl=None, profileBannerUrl=None, label=None)]",6,2018,1,1,0,12,False,talk ball listens believe justdoit nikefootball,0.0,0.0,4661,95
541,2018-06-27 17:00:01+00:00,Cristiano,"High @sleepscore. ‚úÖ
Game day ready. ‚úÖ  
Try out this new app today! 
https://t.co/bcfa1BItoD #WhatsYourSleepScore https://t.co/dwmu9lnVqj",en,52607,3422,1540,142,['WhatsYourSleepScore'],0,"[User(username='SleepScore', id=751070929594249216, displayname='SleepScore', rawDescription=None, renderedDescription=None, descriptionLinks=None, verified=None, created=None, followersCount=None, friendsCount=None, statusesCount=None, favouritesCount=None, listedCount=None, mediaCount=None, location=None, protected=None, link=None, profileImageUrl=None, profileBannerUrl=None, label=None)]",6,2018,1,1,0,16,False,high sleepscore ‚úÖ game day ready ‚úÖ try new app today whatsyoursleepscore,0.47363636363636363,0.03261363636363636,26722,137
530,2018-07-18 17:00:01+00:00,Cristiano,Advanced SIXPAD has launched in UK finally. You can manage your training via your smartphone. Check out the innovative product that I co-developed! Also Europe‚Äôs first SIXPAD store has opened in Westfield London!  https://t.co/yUbJRn3KlF @sixpadeurope #SIXPADSQUAD #SIXPAD https://t.co/T5mFqnZrdM,en,46275,5033,649,244,"['SIXPADSQUAD', 'SIXPAD']",0,"[User(username='sixpadeurope', id=4793420675, displayname='SIXPAD EUROPE', rawDescription=None, renderedDescription=None, descriptionLinks=None, verified=None, created=None, followersCount=None, friendsCount=None, statusesCount=None, favouritesCount=None, listedCount=None, mediaCount=None, location=None, protected=None, link=None, profileImageUrl=None, profileBannerUrl=None, label=None)]",7,2018,1,2,0,38,False,advanced sixpad launched uk finally manage training via smartphone check innovative product codeveloped also europe‚Äôs first sixpad store opened westfield london sixpadeurope sixpadsquad sixpad,0.7333333333333334,0.334375,27010,296
526,2018-07-19 20:00:30+00:00,Cristiano,Deeply honored and excited to announce the Active Schools CR7 Sports Camp: Providing access to football for kids from remote areas in China. They are the future! üëä #NikeFootball #CR7 #CR7Tour https://t.co/dEmSNTvosh,en,60308,5100,767,155,"['NikeFootball', 'CR7', 'CR7Tour']",0,0,7,2018,0,3,1,32,False,deeply honored excited announce active schools cr7 sports camp providing access football kids remote areas china future üëä nikefootball cr7 cr7tour,0.41500000000000004,0.028333333333333332,141980,215
511,2018-08-22 07:00:00+00:00,Cristiano,"Happy to announce I‚Äôm now a global brand ambassador for DAZN!
For my fans in üáÆüáπ üá©üá™ üáØüáµ üá®üá¶ üá¶üáπ you can watch an exclusive interview as a Juventus player on @DAZN_IT, as well as unlocking other great CR7 content!
#DAZN #CR7 https://t.co/Ysk5sm18xF",en,64338,5347,1059,301,"['DAZN', 'CR7']",0,"[User(username='DAZN_IT', id=740833554498736129, displayname='DAZN Italia', rawDescription=None, renderedDescription=None, descriptionLinks=None, verified=None, created=None, followersCount=None, friendsCount=None, statusesCount=None, favouritesCount=None, listedCount=None, mediaCount=None, location=None, protected=None, link=None, profileImageUrl=None, profileBannerUrl=None, label=None)]",8,2018,1,2,5,43,False,happy announce i‚Äôm global brand ambassador dazn fans üáÆüáπ üá©üá™ üáØüáµ üá®üá¶ üá¶üáπ watch exclusive interview juventus player daznit well unlocking great cr7 content dazn cr7,0.53125,0.41875,1296757,243
509,2018-08-24 07:02:53+00:00,Cristiano,Drive your performance #Herbalife24 #CR7Drive #BehindTheResults #ad https://t.co/Aq3TYU7Qad https://t.co/zNh6LMdIv7,en,55311,3972,794,160,"['Herbalife24', 'CR7Drive', 'BehindTheResults', 'ad']",0,0,8,2018,0,4,0,9,False,drive performance herbalife24 cr7drive behindtheresults ad,0.0,0.0,5628,115
493,2018-09-13 19:34:46+00:00,Cristiano,Let's go! Download the demo now üëâhttps://t.co/SvXGmVj0J4 #FIFA19 @EASPORTSFIFA https://t.co/bTxOAdmUzw,en,60025,7220,757,329,['FIFA19'],0,"[User(username='EASPORTSFIFA', id=105297123, displayname='EA SPORTS FIFA', rawDescription=None, renderedDescription=None, descriptionLinks=None, verified=None, created=None, followersCount=None, friendsCount=None, statusesCount=None, favouritesCount=None, listedCount=None, mediaCount=None, location=None, protected=None, link=None, profileImageUrl=None, profileBannerUrl=None, label=None)]",9,2018,1,1,1,10,False,lets go download demo üëâ fifa19 easportsfifa,0.0,0.0,131995,102
487,2018-09-24 16:53:13+00:00,Cristiano,"A legacy built on dreams üëç‚öΩ 
My new Chapter 7 ‚ÄòBuilt On Dreams‚Äô #Mercurial is out now at https://t.co/F9ISEcs3Pr
‚Äî
#Nikefootball #BornMercurial @nikefootball https://t.co/41lOD6fi3A",en,59008,6382,1180,244,"['Mercurial', 'Nikefootball', 'BornMercurial']",0,"[User(username='nikefootball', id=41147159, displayname='Nike Football', rawDescription=None, renderedDescription=None, descriptionLinks=None, verified=None, created=None, followersCount=None, friendsCount=None, statusesCount=None, favouritesCount=None, listedCount=None, mediaCount=None, location=None, protected=None, link=None, profileImageUrl=None, profileBannerUrl=None, label=None)]",9,2018,1,3,1,24,False,legacy built dreams üëç‚öΩ new chapter 7 ‚Äòbuilt dreams‚Äô mercurial ‚Äî nikefootball bornmercurial nikefootball,0.45454545454545453,0.13636363636363635,172081,181
483,2018-10-03 14:16:08+00:00,Cristiano,"Aguardarei com tranquilidade o resultado de quaisquer investiga√ß√µes e processos, pois nada me pesa na consci√™ncia.",pt,59984,8457,890,845,0,0,0,10,2018,0,0,0,16,False,aguardarei com tranquilidade resultado de quaisquer investiga√ß√µes e processos pois nada pesa na consci√™ncia,0.0,0.0,10854,114
475,2018-10-17 17:56:21+00:00,Cristiano,"So happy for my island! Vote for Madeira, for sure the best island in the world!!

Vote here: https://t.co/CLqiBfyb2d https://t.co/dQT5WQkTgt",en,49550,4261,834,177,0,0,0,10,2018,0,0,0,20,False,happy island vote madeira sure best island world vote,0.7296296296296295,0.8333333333333334,5116,141
466,2018-10-31 18:17:01+00:00,Cristiano,"Having fun on set! Check out the classic styles
on https://t.co/6wNnolthcq https://t.co/4KPHt1mwk6",en,57525,3453,936,181,0,0,0,10,2018,0,0,0,12,False,fun set check classic styles,0.18333333333333335,0.2708333333333333,2713,98
464,2018-11-02 17:23:44+00:00,Cristiano,Participe com um donativo no Pedit√≥rio a favor da Liga Portuguesa Contra o Cancro. O Pedit√≥rio Nacional decorre at√© 4 de novembro atrav√©s da colabora√ß√£o de milhares de volunt√°rios que sair√£o √† rua em todas as regi√µes de Portugal. https://t.co/AGDgMxpLSs,pt,46914,3446,829,98,0,0,0,11,2018,0,0,0,40,False,participe com um donativo pedit√≥rio favor da liga portuguesa contra cancro pedit√≥rio nacional decorre at√© 4 de novembro atrav√©s da colabora√ß√£o de milhares de volunt√°rios que sair√£o √† rua em todas regi√µes de portugal,0.0,0.0,21784,253
455,2018-11-15 20:06:58+00:00,Cristiano,Getting my head into the game üòú ‚öΩ¬†¬†#CLEARMen #BeYourOwnChampion https://t.co/eqgw2gVi5T,en,48584,3069,644,196,"['CLEARMen', 'BeYourOwnChampion']",0,0,11,2018,0,2,1,11,False,getting head game üòú ‚öΩ clearmen beyourownchampion,0.4,-0.4,142903,87
451,2018-11-22 18:30:00+00:00,Cristiano,"‚ùóÔ∏è Hey! ‚ùóÔ∏è Head over to my see my CR fragrances range this Black Friday, there will be a surprise waiting!
https://t.co/ntmqRKqrHe
#CRFragrances #Fragrance #CR7 #BlackFriday https://t.co/6sxZltlYyQ",en,59558,4056,982,186,"['CRFragrances', 'Fragrance', 'CR7', 'BlackFriday']",0,0,11,2018,0,4,0,27,False,‚ùóÔ∏è hey ‚ùóÔ∏è head see cr fragrances range black friday surprise waiting crfragrances fragrance cr7 blackfriday,0.43333333333333335,-0.20833333333333331,159949,197
436,2018-12-21 17:12:35+00:00,Cristiano,My new game is here! Now you can score goals against your friends! Challenge them in game and let me know who wins! Download for free now (https://t.co/uEvkwvnqme) #PlayLikeCristiano https://t.co/E2xiiMkUfu,en,42787,3624,697,168,['PlayLikeCristiano'],0,0,12,2018,0,1,0,30,False,new game score goals friends challenge game let know wins download free playlikecristiano,0.45090909090909087,-0.022727272727272728,8612,206
435,2018-12-21 18:00:04+00:00,Cristiano,No hay obst√°culo que con esfuerzo y dedicaci√≥n no puedas superar. Vente a entrenar con nosotros! #CR7CrunchFitness #cr7 #gym https://t.co/HRNZsK7KHf,es,48414,3187,738,77,"['CR7CrunchFitness', 'cr7', 'gym']",0,0,12,2018,0,3,0,20,False,hay obst√°culo que con esfuerzo dedicaci√≥n puedas superar vente entrenar con nosotros cr7crunchfitness cr7 gym,0.0,0.0,10883,148
418,2019-01-10 18:30:00+00:00,Cristiano,"My brand new CR7 Body Spray is perfect for when you are on the go! üí™

Available in store now!

To see the rest of the range visit: https://t.co/jRlzOyv70X  
#CRFragrances #Grooming #BodySpray https://t.co/nU1aeUMKua",en,68309,4714,945,287,"['CRFragrances', 'Grooming', 'BodySpray']",0,0,1,2019,0,3,1,33,False,brand new cr7 body spray perfect go üí™ available store see rest range visit crfragrances grooming bodyspray,0.6181818181818182,0.5454545454545454,138200,215
405,2019-02-04 10:10:23+00:00,Cristiano,Another great moment on my trip to Dubai. I have something really exciting to share with you soon‚Ä¶ stay tuned! #MJLiving @dubaiholding https://t.co/Slt2uAEtay,en,68678,4034,1323,143,['MJLiving'],0,"[User(username='dubaiholding', id=756625862, displayname='Dubai Holding', rawDescription=None, renderedDescription=None, descriptionLinks=None, verified=None, created=None, followersCount=None, friendsCount=None, statusesCount=None, favouritesCount=None, listedCount=None, mediaCount=None, location=None, protected=None, link=None, profileImageUrl=None, profileBannerUrl=None, label=None)]",2,2019,1,1,0,23,False,another great moment trip dubai something really exciting share soon‚Ä¶ stay tuned mjliving dubaiholding,0.775,0.5875,18125,158
403,2019-02-07 19:00:01+00:00,Cristiano,I am using advanced EMS technology as the supplement to my daily workout. SIXPAD is developed on my training theory and great tool to train target muscle. Try my training! https://t.co/Q3oTWnR9u7 #SIXPAD #traininggear https://t.co/Q8mBwRqSLQ,en,69271,3998,1172,292,"['SIXPAD', 'traininggear']",0,0,2,2019,0,2,0,34,False,using advanced ems technology supplement daily workout sixpad developed training theory great tool train target muscle try training sixpad traininggear,0.4125,0.375,14894,241
397,2019-02-28 17:44:25+00:00,Cristiano,"Portugal. √â de fibra que somos feitos!!!
üí™üáµüáπ‚öΩüèç üß¢ https://t.co/mvu2v39MmE",pt,61217,4682,688,113,0,0,0,2,2019,0,0,2,10,False,portugal √© de fibra que somos feitos üí™üáµüáπ‚öΩüèç üß¢,0.0,0.0,654126,72
393,2019-03-07 19:12:59+00:00,Cristiano,"Hoy quiero presentaros @insparya_es , un nuevo proyecto en el √°rea de la salud capilar, del que tengo el placer de formar parte.
Venimos para revolucionar el sector del Transplante Capilar.
Se quieres conocer m√°s de nosotros vis√≠tanos en https://t.co/EtN7y1nHI4 https://t.co/Ik3ZjouZTM",es,34740,2574,756,143,0,0,"[User(username='insparya_es', id=1085571299194355712, displayname='Insparya', rawDescription=None, renderedDescription=None, descriptionLinks=None, verified=None, created=None, followersCount=None, friendsCount=None, statusesCount=None, favouritesCount=None, listedCount=None, mediaCount=None, location=None, protected=None, link=None, profileImageUrl=None, profileBannerUrl=None, label=None)]",3,2019,1,0,0,41,False,hoy quiero presentaros insparyaes un nuevo proyecto en el √°rea de la salud capilar del que tengo el placer de formar parte venimos para revolucionar el sector del transplante capilar se quieres conocer m√°s de nosotros vis√≠tanos en,0.0,0.0,22395,285
391,2019-03-10 12:06:47+00:00,Cristiano,"El pr√≥ximo lunes 18 inauguro @insparya_es en Madrid, mi nuevo proyecto sobre salud capilar. Y, si quieres conocerme, solo tienes que entrar en https://t.co/H30zuYtKXj y apuntarte. Puedes ser uno de los 5 ganadores. ¬°Suerte! https://t.co/k2w8qls1CT",es,38872,2373,1022,130,0,0,"[User(username='insparya_es', id=1085571299194355712, displayname='Insparya', rawDescription=None, renderedDescription=None, descriptionLinks=None, verified=None, created=None, followersCount=None, friendsCount=None, statusesCount=None, favouritesCount=None, listedCount=None, mediaCount=None, location=None, protected=None, link=None, profileImageUrl=None, profileBannerUrl=None, label=None)]",3,2019,1,0,0,35,False,el pr√≥ximo lunes 18 inauguro insparyaes en madrid mi nuevo proyecto sobre salud capilar si quieres conocerme solo tienes que entrar en apuntarte puedes ser uno de los 5 ganadores ¬°suerte,0.0,0.0,17883,247
389,2019-03-15 18:00:33+00:00,Cristiano,"I always have so much fun developing and selecting the best styles for @CR7underwear !!
SS19 collection coming soon! https://t.co/JPj0IcZsci",en,56476,3831,1957,185,0,0,"[User(username='CR7underwear', id=1908014876, displayname='CR7 Underwear', rawDescription=None, renderedDescription=None, descriptionLinks=None, verified=None, created=None, followersCount=None, friendsCount=None, statusesCount=None, favouritesCount=None, listedCount=None, mediaCount=None, location=None, protected=None, link=None, profileImageUrl=None, profileBannerUrl=None, label=None)]",3,2019,1,0,0,20,False,always much fun developing selecting best styles cr7underwear ss19 collection coming soon,0.25,0.65,8629,140
388,2019-03-18 13:15:38+00:00,Cristiano,"¬°Es oficialmente el inicio de un nuevo proyecto, @insparya_es un proyecto √∫nico y que confiamos que va a tener mucho √©xito! https://t.co/FqYSFe0r65",es,48113,2709,895,102,0,0,"[User(username='insparya_es', id=1085571299194355712, displayname='Insparya', rawDescription=None, renderedDescription=None, descriptionLinks=None, verified=None, created=None, followersCount=None, friendsCount=None, statusesCount=None, favouritesCount=None, listedCount=None, mediaCount=None, location=None, protected=None, link=None, profileImageUrl=None, profileBannerUrl=None, label=None)]",3,2019,1,0,0,22,False,¬°es oficialmente el inicio de un nuevo proyecto insparyaes un proyecto √∫nico que confiamos que va tener mucho √©xito,0.0,0.0,11408,147
387,2019-03-19 10:26:45+00:00,Cristiano,N√£o podia estar mais feliz pela inaugura√ß√£o da minha cl√≠nica @insparya_es üòÄüëåüëè https://t.co/vM2l5eCgIO,pt,70430,3639,1172,190,0,0,"[User(username='insparya_es', id=1085571299194355712, displayname='Insparya', rawDescription=None, renderedDescription=None, descriptionLinks=None, verified=None, created=None, followersCount=None, friendsCount=None, statusesCount=None, favouritesCount=None, listedCount=None, mediaCount=None, location=None, protected=None, link=None, profileImageUrl=None, profileBannerUrl=None, label=None)]",3,2019,1,0,1,13,False,n√£o podia estar mais feliz pela inaugura√ß√£o da minha cl√≠nica insparyaes üòÄüëåüëè,0.0,0.0,392010,101
385,2019-03-21 15:26:20+00:00,Cristiano,Preparados para amanh√£ üëå https://t.co/rhH7XLP9zJ,pt,61547,4447,1157,192,0,0,0,3,2019,0,0,1,5,False,preparados para amanh√£ üëå,0.0,0.0,130409,48
372,2019-04-12 17:42:58+00:00,Cristiano,"Hi guys! CR7 Footwear has a new website! Feel legendary with our spring/summer collection!
https://t.co/Goznggp3NW https://t.co/nkI3KvD177",en,58748,4167,908,150,0,0,0,4,2019,0,0,0,16,False,hi guys cr7 footwear new website feel legendary springsummer collection,0.7272727272727273,0.5852272727272727,6936,138
368,2019-04-26 18:05:04+00:00,Cristiano,It‚Äôs time to elect Madeira as Best European Island Destination again! Vote here: https://t.co/gJEZT7Tddv https://t.co/chezu4T0fX,en,43984,2687,689,91,0,0,0,4,2019,0,0,0,15,False,it‚Äôs time elect madeira best european island destination vote,0.39999999999999997,0.6,14048,128
366,2019-04-30 19:15:08+00:00,Cristiano,Getting ready to go dinner out with my new @Cr7Footwear Chicago green shoes!üëåüèΩ https://t.co/vZPLrgG0VL,en,71251,4251,1320,451,0,0,"[User(username='Cr7Footwear', id=2597057768, displayname='CR7FOOTWEAR', rawDescription=None, renderedDescription=None, descriptionLinks=None, verified=None, created=None, followersCount=None, friendsCount=None, statusesCount=None, favouritesCount=None, listedCount=None, mediaCount=None, location=None, protected=None, link=None, profileImageUrl=None, profileBannerUrl=None, label=None)]",4,2019,1,0,1,14,False,getting ready go dinner new cr7footwear chicago green shoesüëåüèΩ,0.4181818181818182,0.04545454545454545,261732,102
364,2019-05-04 13:28:19+00:00,Cristiano,Hi guys! Check out my animated show trailer and the comic book now! üëâ https://t.co/pq8lesrqYI üî• #FCBD #FreeComicBookDay #SF7 #CR7 https://t.co/bTe7DzXQRw,en,78212,10095,1995,2645,"['FCBD', 'FreeComicBookDay', 'SF7', 'CR7']",0,0,5,2019,0,4,2,21,False,hi guys check animated show trailer comic book üëâ üî• fcbd freecomicbookday sf7 cr7,0.5,0.3125,263571,153
354,2019-05-28 17:45:00+00:00,Cristiano,"Amazing residential destination in Dubai, bringing together traditional design with a modern twist @DubaiHolding #MJLiving https://t.co/7vmgk58SoH",en,42485,2952,635,77,['MJLiving'],0,"[User(username='dubaiholding', id=756625862, displayname='Dubai Holding', rawDescription=None, renderedDescription=None, descriptionLinks=None, verified=None, created=None, followersCount=None, friendsCount=None, statusesCount=None, favouritesCount=None, listedCount=None, mediaCount=None, location=None, protected=None, link=None, profileImageUrl=None, profileBannerUrl=None, label=None)]",5,2019,1,1,0,16,False,amazing residential destination dubai bringing together traditional design modern twist dubaiholding mjliving,0.65,0.26666666666666666,10835,146
351,2019-06-01 12:01:55+00:00,Cristiano,"A great adventure with a lot of friends 
üëâ @neymarjr you dance, amigo! 
üëâ @SebastienLoeb the rally maestro!
üëâ And...a panda! üòÇ
Enjoy @SFR fiber! https://t.co/sOxC6t4cdn",en,54772,6615,769,386,0,0,"[User(username='neymarjr', id=158487331, displayname='Neymar Jr', rawDescription=None, renderedDescription=None, descriptionLinks=None, verified=None, created=None, followersCount=None, friendsCount=None, statusesCount=None, favouritesCount=None, listedCount=None, mediaCount=None, location=None, protected=None, link=None, profileImageUrl=None, profileBannerUrl=None, label=None), User(username='SebastienLoeb', id=2253219642, displayname='S√©bastien Loeb', rawDescription=None, renderedDescription=None, descriptionLinks=None, verified=None, created=None, followersCount=None, friendsCount=None, statusesCount=None, favouritesCount=None, listedCount=None, mediaCount=None, location=None, protected=None, link=None, profileImageUrl=None, profileBannerUrl=None, label=None), User(username='SFR', id=2215895461, displayname='SFR', rawDescription=None, renderedDescription=None, descriptionLinks=None, verified=None, created=None, followersCount=None, friendsCount=None, statusesCount=None, favouritesCount=None, listedCount=None, mediaCount=None, location=None, protected=None, link=None, profileImageUrl=None, profileBannerUrl=None, label=None)]",6,2019,3,0,4,26,False,great adventure lot friends üëâ neymarjr dance amigo üëâ sebastienloeb rally maestro üëâ anda panda üòÇ enjoy sfr fiber,0.625,0.75,522807,168
335,2019-07-04 08:20:05+00:00,Cristiano,It was a fun time meeting these kids at the Singapore Olympic Foundation - Peter Lim Scholarship event! Follow your dreams and never give up!üëçüèΩüôåüèΩ https://t.co/qb164DPS76,en,65340,4695,850,184,0,0,0,7,2019,0,0,1,26,False,fun time meeting kids singapore olympic foundation peter lim scholarship event follow dreams never give upüëçüèΩüôåüèΩ,0.2,0.375,522974,169
333,2019-07-12 18:04:38+00:00,Cristiano,"@neymarjr , a sua ""poker face"" vale tudo‚Ä¶ https://t.co/bN7snIUwhO",pt,8832,687,154,42,0,0,"[User(username='neymarjr', id=158487331, displayname='Neymar Jr', rawDescription=None, renderedDescription=None, descriptionLinks=None, verified=None, created=None, followersCount=None, friendsCount=None, statusesCount=None, favouritesCount=None, listedCount=None, mediaCount=None, location=None, protected=None, link=None, profileImageUrl=None, profileBannerUrl=None, label=None)]",7,2019,1,0,0,9,False,neymarjr sua poker face vale tudo‚Ä¶,0.0,0.0,11403,65
328,2019-07-16 09:27:07+00:00,Cristiano,"Light up your body this summer with the brand new High Summer CR7Underwear collection.
https://t.co/eS6wZHe6jw https://t.co/XwsHD1pOp1",en,68132,3712,854,409,0,0,0,7,2019,0,0,0,16,False,light body summer brand new high summer cr7underwear collection,0.5648484848484848,0.23212121212121214,6126,134
327,2019-07-17 08:04:44+00:00,Cristiano,"Inspired by my friends in China. This one is for the commanders of the pitch. #Shuai
Available today on https://t.co/RoCK5Jkj7J https://t.co/kyBC13xdn4",en,71814,4233,745,129,['Shuai'],0,0,7,2019,0,1,0,21,False,inspired friends china one commanders pitch shuai available today,0.4,0.4,6315,151
317,2019-08-02 15:00:00+00:00,Cristiano,"Speed you can barely see üöÄ‚ö°
Check out my latest @Nikefootball Mercurial ‚Äì available today at https://t.co/RoCK5JBTZh
#Mercurial https://t.co/I9JcHyAAH9",en,72328,5465,1078,236,['Mercurial'],0,"[User(username='nikefootball', id=41147159, displayname='Nike Football', rawDescription=None, renderedDescription=None, descriptionLinks=None, verified=None, created=None, followersCount=None, friendsCount=None, statusesCount=None, favouritesCount=None, listedCount=None, mediaCount=None, location=None, protected=None, link=None, profileImageUrl=None, profileBannerUrl=None, label=None)]",8,2019,1,1,1,19,False,speed barely see üöÄ‚ö° check latest nikefootball mercurial ‚Äì available today mercurial,0.4666666666666666,0.3166666666666667,154416,151
310,2019-08-28 15:05:50+00:00,Cristiano,"El otro d√≠a estuve en @insparya_es y fue un placer hablar con todo el equipo, en el cual conf√≠o. Si sufres de alopecia, comprueba el gran trabajo que podemos hacer por ti. Entra en https://t.co/Dn2NRxmskZ y pide tu consulta gratuita. Yo conf√≠o en Insparya,¬°conf√≠a tu tambi√©n! https://t.co/LGn2P13FSz",es,27408,1681,556,58,0,0,"[User(username='insparya_es', id=1085571299194355712, displayname='Insparya', rawDescription=None, renderedDescription=None, descriptionLinks=None, verified=None, created=None, followersCount=None, friendsCount=None, statusesCount=None, favouritesCount=None, listedCount=None, mediaCount=None, location=None, protected=None, link=None, profileImageUrl=None, profileBannerUrl=None, label=None)]",8,2019,1,0,0,47,False,el otro d√≠a estuve en insparyaes fue un placer hablar con todo el equipo en el cual conf√≠o si sufres de alopecia comprueba el gran trabajo que podemos hacer por ti entra en pide tu consulta gratuita yo conf√≠o en insparya¬°conf√≠a tu tambi√©n,0.0,0.0,23086,299
309,2019-08-28 19:00:01+00:00,Cristiano,"No doubts in your mind, no dandruff on your head. #keepaCLEARhead #ClearMen #NoDoubts #NoDandruff #MenShampoo https://t.co/3bGuYjnCei",en,35764,2115,605,87,"['keepaCLEARhead', 'ClearMen', 'NoDoubts', 'NoDandruff', 'MenShampoo']",0,0,8,2019,0,5,0,16,False,doubts mind dandruff head keepaclearhead clearmen nodoubts nodandruff menshampoo,0.0,0.0,7879,133
308,2019-08-29 08:02:44+00:00,Cristiano,@Neymarjr olha a√≠ os Reis do espadachim ü§¥üèª‚öîÔ∏èüòÖ https://t.co/3TXEbxbv2e,pt,13656,1325,261,193,0,0,"[User(username='neymarjr', id=158487331, displayname='Neymar Jr', rawDescription=None, renderedDescription=None, descriptionLinks=None, verified=None, created=None, followersCount=None, friendsCount=None, statusesCount=None, favouritesCount=None, listedCount=None, mediaCount=None, location=None, protected=None, link=None, profileImageUrl=None, profileBannerUrl=None, label=None)]",8,2019,1,0,2,9,False,neymarjr olha a√≠ os reis espadachim ü§¥üèª‚öîÔ∏èüòÖ,0.0,0.0,464277,69
298,2019-09-16 07:00:37+00:00,Cristiano,"Combining gym with SIXPAD helps me a lot. EMS technology will surprise you.
https://t.co/a1KWPXzoxe @SIXPADEurope #SIXPAD #traininggear https://t.co/ZF0Tq3zyVa",en,38952,2339,707,86,"['SIXPAD', 'traininggear']",0,"[User(username='sixpadeurope', id=4793420675, displayname='SIXPAD EUROPE', rawDescription=None, renderedDescription=None, descriptionLinks=None, verified=None, created=None, followersCount=None, friendsCount=None, statusesCount=None, favouritesCount=None, listedCount=None, mediaCount=None, location=None, protected=None, link=None, profileImageUrl=None, profileBannerUrl=None, label=None)]",9,2019,1,2,0,18,False,combining gym sixpad helps lot ems technology surprise sixpadeurope sixpad traininggear,0.0,0.0,8658,159
291,2019-09-30 07:28:44+00:00,Cristiano,"I‚Äôve achieved so much wearing Mercurial boots. Now, I am excited to see you all follow your dreams in my new #Mercurial Dream Speed. ‚ö°üí≠
Available today at https://t.co/RoCK5Jkj7J https://t.co/DT1yvPJ3Z5",en,78088,4767,1124,263,['Mercurial'],0,0,9,2019,0,1,1,30,False,i‚Äôve achieved much wearing mercurial boots excited see follow dreams new mercurial dream speed ‚ö°üí≠ available today,0.45113636363636367,0.2778409090909091,156805,202
283,2019-10-13 12:17:00+00:00,Cristiano,"Madeira Island is nominated for the 5th time the best island in the world! Let‚Äôs vote? Siiiiiiiii
Place your vote at https://t.co/cVaH8ERh6q #VisitMadeira #MadeiraNoWordsNeeded #TheBestIslandInTheWorld
@visitmadeira https://t.co/mfMBC3Let7",en,39791,2539,709,92,"['VisitMadeira', 'MadeiraNoWordsNeeded', 'TheBestIslandInTheWorld']",0,"[User(username='visitmadeira', id=123682421, displayname='visitmadeira', rawDescription=None, renderedDescription=None, descriptionLinks=None, verified=None, created=None, followersCount=None, friendsCount=None, statusesCount=None, favouritesCount=None, listedCount=None, mediaCount=None, location=None, protected=None, link=None, profileImageUrl=None, profileBannerUrl=None, label=None)]",10,2019,1,3,0,27,False,madeira island nominated 5th time best island world let‚Äôs vote siiiiiiiii place vote visitmadeira madeiranowordsneeded thebestislandintheworld visitmadeira,0.3,1.0,23430,239
278,2019-10-27 11:41:29+00:00,Cristiano,@Jumpman23 Be careful we are here ‚õπüèª‚Äç‚ôÇÔ∏è üí™üèªü§£ https://t.co/PzcLQdCKrU,en,3226,366,80,95,0,0,"[User(username='Jumpman23', id=198975780, displayname='Jordan', rawDescription=None, renderedDescription=None, descriptionLinks=None, verified=None, created=None, followersCount=None, friendsCount=None, statusesCount=None, favouritesCount=None, listedCount=None, mediaCount=None, location=None, protected=None, link=None, profileImageUrl=None, profileBannerUrl=None, label=None)]",10,2019,1,0,2,9,False,jumpman23 careful ‚õπüèª‚Äç‚ôÇÔ∏è üí™üèªü§£,1.0,-0.1,608185,67
243,2020-02-21 12:24:25+00:00,Cristiano,"My new Mercurial Dream Speed is here and they make me feel like I can move at the speed of light ‚ö°
So excited to see @KMbappe, @jessiicasilva10 ,@samkerr1 , Wu Lei, @barbarabonansea all illuminate their games on pitch with it! 
You can shop today at https://t.co/vvAeu4R5vl. https://t.co/iB6wYE6RTg",en,76476,4500,1427,245,0,0,"[User(username='KMbappe', id=1725137533, displayname='Kylian Mbapp√©', rawDescription=None, renderedDescription=None, descriptionLinks=None, verified=None, created=None, followersCount=None, friendsCount=None, statusesCount=None, favouritesCount=None, listedCount=None, mediaCount=None, location=None, protected=None, link=None, profileImageUrl=None, profileBannerUrl=None, label=None), User(username='jessiicasilva10', id=2725940258, displayname='J√©ssica Silva', rawDescription=None, renderedDescription=None, descriptionLinks=None, verified=None, created=None, followersCount=None, friendsCount=None, statusesCount=None, favouritesCount=None, listedCount=None, mediaCount=None, location=None, protected=None, link=None, profileImageUrl=None, profileBannerUrl=None, label=None), User(username='samkerr1', id=320739724, displayname='Sam Kerr', rawDescription=None, renderedDescription=None, descriptionLinks=None, verified=None, created=None, followersCount=None, friendsCount=None, statusesCount=None, favouritesCount=None, listedCount=None, mediaCount=None, location=None, protected=None, link=None, profileImageUrl=None, profileBannerUrl=None, label=None), User(username='barbarabonansea', id=992675466, displayname='barbara bonansea', rawDescription=None, renderedDescription=None, descriptionLinks=None, verified=None, created=None, followersCount=None, friendsCount=None, statusesCount=None, favouritesCount=None, listedCount=None, mediaCount=None, location=None, protected=None, link=None, profileImageUrl=None, profileBannerUrl=None, label=None)]",2,2020,4,0,0,48,False,new mercurial dream speed make feel like move speed light ‚ö° excited see kmbappe jessiicasilva10 samkerr1 wu lei barbarabonansea illuminate games pitch shop today,0.6348484848484849,0.3350378787878788,25032,298
230,2020-04-11 09:15:41+00:00,Cristiano,Another week of playing inside and staying active. Thanks to everyone for trying to beat me üòâ maybe next time! Over to you @VioBebe . Get ready! #livingroomcup #playinside https://t.co/F8qDWwj7Ve,en,66934,4992,1228,192,"['livingroomcup', 'playinside']",0,"[User(username='VioBebe', id=592854724, displayname='Beatrice Vio', rawDescription=None, renderedDescription=None, descriptionLinks=None, verified=None, created=None, followersCount=None, friendsCount=None, statusesCount=None, favouritesCount=None, listedCount=None, mediaCount=None, location=None, protected=None, link=None, profileImageUrl=None, profileBannerUrl=None, label=None)]",4,2020,1,2,1,30,False,another week playing inside staying active thanks everyone trying beat üòâ maybe next time viobebe get ready livingroomcup playinside,0.325,0.07916666666666666,141165,195
222,2020-05-01 12:00:00+00:00,Cristiano,"Today is day 1 of Clear‚Äôs 14 day resilience challenge to #ComeBackStronger. Follow @HaircareClear over the next two weeks for skills, hacks and tips on how to build your resilience. https://t.co/fUFYAu32QV  #KeepaClearHead #MentalHealthMatters https://t.co/yOXFVgkXTd",en,25214,1504,850,58,"['ComeBackStronger', 'KeepaClearHead', 'MentalHealthMatters']",0,"[User(username='HaircareClear', id=1245531827378343943, displayname='Clear.haircare', rawDescription=None, renderedDescription=None, descriptionLinks=None, verified=None, created=None, followersCount=None, friendsCount=None, statusesCount=None, favouritesCount=None, listedCount=None, mediaCount=None, location=None, protected=None, link=None, profileImageUrl=None, profileBannerUrl=None, label=None)]",5,2020,1,3,0,34,False,today day 1 clear‚Äôs 14 day resilience challenge comebackstronger follow haircareclear next two weeks skills hacks tips build resilience keepaclearhead mentalhealthmatters,0.19166666666666665,0.05000000000000001,24555,267
219,2020-05-09 18:48:20+00:00,Cristiano,Well done my friend! üôåüèΩ,en,78526,6174,1220,222,0,0,0,5,2020,0,0,1,5,False,well done friend üôåüèΩ,0.0,0.0,258171,23
217,2020-05-16 17:10:35+00:00,Cristiano,Our health is the most important thing we have üëç How are you practicing good #fitness and #nutrition habits? @Herbalife Nutrition. https://t.co/z0JEzyxHnz,en,49067,3420,1902,310,"['fitness', 'nutrition']",0,"[User(username='Herbalife', id=11071292, displayname='Herbalife', rawDescription=None, renderedDescription=None, descriptionLinks=None, verified=None, created=None, followersCount=None, friendsCount=None, statusesCount=None, favouritesCount=None, listedCount=None, mediaCount=None, location=None, protected=None, link=None, profileImageUrl=None, profileBannerUrl=None, label=None)]",5,2020,1,2,1,22,False,health important thing üëç practicing good fitness nutrition habits herbalife nutrition,0.7000000000000001,0.5333333333333333,136377,154
210,2020-06-05 18:01:52+00:00,Cristiano,"Let‚Äôs rise to the challenge. What are you doing to #ComeBackStronger? Take part in the #ClearResilienceChallenge at https://t.co/9qzG1XJp1O
#KeepaClearHead #MentalHealthMatters https://t.co/sOHWLZ1vQx",en,40951,2494,940,74,"['ComeBackStronger', 'ClearResilienceChallenge', 'KeepaClearHead', 'MentalHealthMatters']",0,0,6,2020,0,4,0,21,False,let‚Äôs rise challenge comebackstronger take part clearresiliencechallenge keepaclearhead mentalhealthmatters,0.0,0.0,18831,200
193,2020-07-18 11:41:18+00:00,Cristiano,Good nutrition is at the core of my success. What‚Äôs yours? #HerbalifeNutrition https://t.co/dMX4d7dQOY,en,75319,4573,1478,346,['HerbalifeNutrition'],0,0,7,2020,0,1,0,13,False,good nutrition core success what‚Äôs herbalifenutrition,0.30000000000000004,0.5,13477,102
191,2020-07-31 20:01:46+00:00,Cristiano,"Staying healthy and hygienic is important. 
Don‚Äôt forget keep your hair, scalp &amp; body clean daily. 
@CLEARIndonesia has new Clear Men 3-in-1 for your hygiene needs, try it now!
#Sikathabis #KeepAClearHead #ClearMen3in1 https://t.co/G0ftZTWjlp",en,36180,2038,830,69,"['Sikathabis', 'KeepAClearHead', 'ClearMen3in1']",0,"[User(username='CLEARIndonesia', id=307794480, displayname='CLEAR Indonesia', rawDescription=None, renderedDescription=None, descriptionLinks=None, verified=None, created=None, followersCount=None, friendsCount=None, statusesCount=None, favouritesCount=None, listedCount=None, mediaCount=None, location=None, protected=None, link=None, profileImageUrl=None, profileBannerUrl=None, label=None)]",7,2020,1,3,0,33,False,staying healthy hygienic important don‚Äôt forget keep hair scalp amp body clean daily clearindonesia new clear men 3in1 hygiene needs try sikathabis keepaclearhead clearmen3in1,0.5063131313131314,0.25467171717171716,24791,246
185,2020-08-21 17:00:00+00:00,Cristiano,"We touch our hair 96 times a day on average, transferring bacteria, dirt and grease from our hands unknowingly. I use¬†@HaircareClear¬†Men Deep Cleanse to thoroughly remove bacteria or dandruff from my scalp and hair. Try it yourself.
#KeepAClearHead #deepcleanse #keepclean https://t.co/3vbmeNPPB9",en,50198,2984,1448,215,"['KeepAClearHead', 'deepcleanse', 'keepclean']",0,"[User(username='HaircareClear', id=1245531827378343943, displayname='Clear.haircare', rawDescription=None, renderedDescription=None, descriptionLinks=None, verified=None, created=None, followersCount=None, friendsCount=None, statusesCount=None, favouritesCount=None, listedCount=None, mediaCount=None, location=None, protected=None, link=None, profileImageUrl=None, profileBannerUrl=None, label=None)]",8,2020,1,3,0,43,False,touch hair 96 times day average transferring bacteria dirt grease hands unknowingly use haircareclear men deep cleanse thoroughly remove bacteria dandruff scalp hair try keepaclearhead deepcleanse keepclean,0.4,-0.075,19848,296
180,2020-09-11 21:30:00+00:00,Cristiano,"New season. New challenge. 
Build your resilience with @Clear.haircare
#ComeBackStronger #KeepAClearHead #ClearMen https://t.co/fwwo4WgsvF",en,49223,3006,872,77,"['ComeBackStronger', 'KeepAClearHead', 'ClearMen']",0,"[User(username='Clear', id=180494464, displayname='CLEAR', rawDescription=None, renderedDescription=None, descriptionLinks=None, verified=None, created=None, followersCount=None, friendsCount=None, statusesCount=None, favouritesCount=None, listedCount=None, mediaCount=None, location=None, protected=None, link=None, profileImageUrl=None, profileBannerUrl=None, label=None)]",9,2020,1,3,0,13,False,new season new challenge build resilience clearhaircare comebackstronger keepaclearhead clearmen,0.45454545454545453,0.13636363636363635,9448,138
176,2020-09-17 19:00:01+00:00,Cristiano,"Safe, amazingly beautiful and incredibly stunning, for me Madeira is already the best Island. Vote for Madeira Island as the Best European Island 2020. I have already placed my vote, and you? Lets go, let's take this award to my home Island @visitmadeira https://t.co/7dGKjHXt6L",en,46874,3119,799,106,0,0,"[User(username='visitmadeira', id=123682421, displayname='visitmadeira', rawDescription=None, renderedDescription=None, descriptionLinks=None, verified=None, created=None, followersCount=None, friendsCount=None, statusesCount=None, favouritesCount=None, listedCount=None, mediaCount=None, location=None, protected=None, link=None, profileImageUrl=None, profileBannerUrl=None, label=None)]",9,2020,1,0,0,44,False,safe amazingly beautiful incredibly stunning madeira already best island vote madeira island best european island 2020 already placed vote lets go lets take award home island visitmadeira,0.5166666666666666,0.6416666666666667,17766,278
170,2020-09-30 09:30:00+00:00,Cristiano,"Determination. Drive. Nutrition ‚öΩÔ∏è Behind my performance is #HerbalifeNutrition
@Herbalife24  #CR7Drive https://t.co/gg88XkYwk3",en,68705,4276,1101,160,"['HerbalifeNutrition', 'CR7Drive']",0,"[User(username='Herbalife24', id=282788614, displayname='Herbalife24', rawDescription=None, renderedDescription=None, descriptionLinks=None, verified=None, created=None, followersCount=None, friendsCount=None, statusesCount=None, favouritesCount=None, listedCount=None, mediaCount=None, location=None, protected=None, link=None, profileImageUrl=None, profileBannerUrl=None, label=None)]",9,2020,1,2,0,12,False,determination drive nutrition ‚öΩÔ∏è behind performance herbalifenutrition herbalife24 cr7drive,0.7,-0.4,83709,127
166,2020-10-10 09:07:45+00:00,Cristiano,"This World Mental Health Day let‚Äôs get stronger together.
Join me in showing your support.
¬†
Check out @clearhair for more.
¬†
#LetsGetStrongerTogether
WorldMentalHealthDay https://t.co/EF7nT0QR44",en,75622,4472,2183,398,['LetsGetStrongerTogether'],0,"[User(username='clearhair', id=426779334, displayname='Clear Hair Care', rawDescription=None, renderedDescription=None, descriptionLinks=None, verified=None, created=None, followersCount=None, friendsCount=None, statusesCount=None, favouritesCount=None, listedCount=None, mediaCount=None, location=None, protected=None, link=None, profileImageUrl=None, profileBannerUrl=None, label=None)]",10,2020,1,1,0,23,False,world mental health day let‚Äôs get stronger together join showing support check clearhair letsgetstrongertogether worldmentalhealthday,0.35,0.2,21412,195
153,2020-11-06 09:19:38+00:00,Cristiano,Excited about this collaboration with @clear . A legend has been made. Can‚Äôt wait to share with all of you here üòé #ComeBackStronger  #Madelegend #legendshampoo #ClearMen https://t.co/nMLI24bJfL,en,48365,1932,1419,161,"['ComeBackStronger', 'Madelegend', 'legendshampoo', 'ClearMen']",0,"[User(username='Clear', id=180494464, displayname='CLEAR', rawDescription=None, renderedDescription=None, descriptionLinks=None, verified=None, created=None, followersCount=None, friendsCount=None, statusesCount=None, favouritesCount=None, listedCount=None, mediaCount=None, location=None, protected=None, link=None, profileImageUrl=None, profileBannerUrl=None, label=None)]",11,2020,1,4,1,27,False,excited collaboration clear legend made can‚Äôt wait share üòé comebackstronger madelegend legendshampoo clearmen,0.5666666666666667,0.23750000000000002,147149,193
147,2020-11-14 10:17:56+00:00,Cristiano,@DjokerNole not bad broü§îüòÖ,en,24241,1397,399,293,0,https://twitter.com/DjokerNole,"[User(username='DjokerNole', id=259925559, displayname='Novak Djokovic', rawDescription=None, renderedDescription=None, descriptionLinks=None, verified=None, created=None, followersCount=None, friendsCount=None, statusesCount=None, favouritesCount=None, listedCount=None, mediaCount=None, location=None, protected=None, link=None, profileImageUrl=None, profileBannerUrl=None, label=None)]",11,2020,1,0,1,4,False,djokernole bad broü§îüòÖ,0.6666666666666666,0.3499999999999999,259568,25
132,2020-12-18 18:14:40+00:00,Cristiano,"There is no secret to success. It‚Äôs hard work, matched with passion and support that elevates you to the top #HerbalifeNutrition 
@Herbalife https://t.co/l3UfPZlOUL",en,52411,3691,1037,205,['HerbalifeNutrition'],0,"[User(username='Herbalife', id=11071292, displayname='Herbalife', rawDescription=None, renderedDescription=None, descriptionLinks=None, verified=None, created=None, followersCount=None, friendsCount=None, statusesCount=None, favouritesCount=None, listedCount=None, mediaCount=None, location=None, protected=None, link=None, profileImageUrl=None, profileBannerUrl=None, label=None)]",12,2020,1,1,0,23,False,secret success it‚Äôs hard work matched passion support elevates top herbalifenutrition herbalife,0.4354166666666667,0.17708333333333331,17526,164
119,2021-01-02 09:02:51+00:00,Cristiano,"A New Year for new beginnings and goals.
Let‚Äôs work hard together to tone our bodies with SIXPAD for 2021.
@SixpadHomeGym #SIXPADHOMEGYM
#SIXPAD https://t.co/hVt82z6Dlw https://t.co/DEpzJTkiQa",en,44390,2374,1139,82,"['SIXPADHOMEGYM', 'SIXPAD']",0,"[User(username='SixpadHomeGym', id=1324677118660280320, displayname='SIXPAD HOME GYM„Äê„Ää40‰ª£~50‰ª£ÈôêÂÆö„Äã10Êó•Èñì„ÄÅ„Åæ„Åö„ÅØÁÑ°Êñô‰ΩìÈ®ì„Äë', rawDescription=None, renderedDescription=None, descriptionLinks=None, verified=None, created=None, followersCount=None, friendsCount=None, statusesCount=None, favouritesCount=None, listedCount=None, mediaCount=None, location=None, protected=None, link=None, profileImageUrl=None, profileBannerUrl=None, label=None)]",1,2021,1,2,0,25,False,new year new beginnings goals let‚Äôs work hard together tone bodies sixpad 2021 sixpadhomegym sixpadhomegym sixpad,0.48358585858585856,-0.006313131313131326,18933,192
81,2021-05-13 17:00:00+00:00,Cristiano,"Sai perch√© l‚ÄôUniversit√† eCampus √® la tua scelta perfetta? 
Perch√© √® online da sempre, con lezioni ed esami a distanza e, se vuoi, anche un tutor personale che ti accompagna passo dopo passo come un vero allenatore. 
Ti aspetto! 
@uni_ecampus https://t.co/76lGUgIosZ",it,34236,2030,3138,225,0,0,"[User(username='uni_ecampus', id=147573062, displayname='Universit√† eCampus', rawDescription=None, renderedDescription=None, descriptionLinks=None, verified=None, created=None, followersCount=None, friendsCount=None, statusesCount=None, favouritesCount=None, listedCount=None, mediaCount=None, location=None, protected=None, link=None, profileImageUrl=None, profileBannerUrl=None, label=None)]",5,2021,1,0,0,41,False,sai perch√© l‚Äôuniversit√† ecampus √® la tua scelta perfetta perch√© √® online da sempre con lezioni ed esami distanza e se vuoi anche un tutor personale che ti accompagna passo dopo passo come un vero allenatore ti aspetto uniecampus,0.0,0.0,30386,265
73,2021-06-11 16:00:01+00:00,Cristiano,"Don‚Äôt miss a goal in the European Championships!
Download the @Livescore app
https://t.co/4lzGWzX9Qf https://t.co/dTmdx0Z5Ts",en,42803,2277,1128,99,0,0,"[User(username='livescore', id=212315904, displayname='LiveScore', rawDescription=None, renderedDescription=None, descriptionLinks=None, verified=None, created=None, followersCount=None, friendsCount=None, statusesCount=None, favouritesCount=None, listedCount=None, mediaCount=None, location=None, protected=None, link=None, profileImageUrl=None, profileBannerUrl=None, label=None)]",6,2021,1,0,0,14,False,don‚Äôt miss goal european championships download livescore app,0.0,0.0,14151,124
67,2021-06-25 15:00:01+00:00,Cristiano,"Need to defend a major title with my country and I need to maintain my physical performance. With so many physical exercises, really, I could take a good use of clear-headed. Keeping a clear head helps me to be on top of my game #clearheaded #fearless #clearmen https://t.co/e2tzWrwWZr",en,55470,3452,1421,165,"['clearheaded', 'fearless', 'clearmen']",0,0,6,2021,0,3,0,48,False,need defend major title country need maintain physical performance many physical exercises really could take good use clearheaded keeping clear head helps top game clearheaded fearless clearmen,0.3743386243386243,0.18472222222222223,18538,285
34,2021-10-13 23:50:53+00:00,Cristiano,"I‚Äôm all in. Now you! 
@zujugp connects football communities from East to West. 
More here at https://t.co/MFLVkWn6V7

#WritingTheFutureOfFootball https://t.co/8KqKXRRPst",en,43508,3110,1300,275,['WritingTheFutureOfFootball'],0,"[User(username='zujugp', id=1418438281230913540, displayname='zujuGP', rawDescription=None, renderedDescription=None, descriptionLinks=None, verified=None, created=None, followersCount=None, friendsCount=None, statusesCount=None, favouritesCount=None, listedCount=None, mediaCount=None, location=None, protected=None, link=None, profileImageUrl=None, profileBannerUrl=None, label=None)]",10,2021,1,1,0,19,False,i‚Äôm zujugp connects football communities east west writingthefutureoffootball,0.5,0.5,15945,169
31,2021-10-15 17:01:00+00:00,Cristiano,Proud to have #HerbalifeNutrition fueling me through my new journey. Sky is the limit. @Herbalife https://t.co/nYgYd7cINF,en,56364,3269,1955,185,['HerbalifeNutrition'],0,"[User(username='Herbalife', id=11071292, displayname='Herbalife', rawDescription=None, renderedDescription=None, descriptionLinks=None, verified=None, created=None, followersCount=None, friendsCount=None, statusesCount=None, favouritesCount=None, listedCount=None, mediaCount=None, location=None, protected=None, link=None, profileImageUrl=None, profileBannerUrl=None, label=None)]",10,2021,1,1,0,16,False,proud herbalifenutrition fueling new journey sky limit herbalife,0.7272727272727273,0.4681818181818182,6384,121
25,2021-11-04 18:01:00+00:00,Cristiano,"Play Kungfu Dash game by @zujugp - https://t.co/5Afk6fGVl0
Highest scorers win a chance to meet me online in a few weeks! At√© Breve!
#WritingTheFutureOfFootball #KungfuDash https://t.co/wCn3PmTeOf",en,47388,2459,1704,107,"['WritingTheFutureOfFootball', 'KungfuDash']",0,"[User(username='zujugp', id=1418438281230913540, displayname='zujuGP', rawDescription=None, renderedDescription=None, descriptionLinks=None, verified=None, created=None, followersCount=None, friendsCount=None, statusesCount=None, favouritesCount=None, listedCount=None, mediaCount=None, location=None, protected=None, link=None, profileImageUrl=None, profileBannerUrl=None, label=None)]",11,2021,1,2,0,26,False,play kungfu dash game zujugp highest scorers win chance meet online weeks at√© breve writingthefutureoffootball kungfudash,0.3,0.029166666666666674,12027,196
12,2021-12-06 18:00:02+00:00,Cristiano,"What we focus on becomes us. Focus is what we need to block out the fear and achieve our goals. Be the you that‚Äôs free from fear, and from dandruff.
 #ClearHairCare #BeClearBeFearless #BeTheFirstYou
#NoDandruff
#NoDoubts https://t.co/79xLBmRzNU",en,66949,4010,2234,191,"['ClearHairCare', 'BeClearBeFearless', 'BeTheFirstYou', 'NoDandruff', 'NoDoubts']",0,0,12,2021,0,5,0,36,False,focus becomes us focus need block fear achieve goals that‚Äôs free fear dandruff clearhaircare beclearbefearless bethefirstyou nodandruff nodoubts,0.8,0.4,22127,244
7,2021-12-18 10:39:17+00:00,Cristiano,"Never stop dreaming.
Watch my chat with Sir Alex now¬†üëá
#MUFC #BringingYouCloser",en,58998,4379,1228,111,"['MUFC', 'BringingYouCloser']",0,0,12,2021,0,2,1,13,False,never stop dreaming watch chat sir alex üëá mufc bringingyoucloser,0.0,0.0,134179,79
4,2021-12-23 19:31:21+00:00,Cristiano,"Earlier this year, I spent the day with Dr. Jason who invented the #Theragun, and later started @therabody as a way to bring #wellness to everybody. Being a part of the #Therabody family means prioritizing my #recovery and inspiring others to #TakeControl of their recovery too. https://t.co/5yNeP9Z9BG",en,45822,2565,1324,139,"['Theragun', 'wellness', 'Therabody', 'recovery', 'TakeControl']",0,"[User(username='therabody', id=2754030672, displayname='Therabody', rawDescription=None, renderedDescription=None, descriptionLinks=None, verified=None, created=None, followersCount=None, friendsCount=None, statusesCount=None, favouritesCount=None, listedCount=None, mediaCount=None, location=None, protected=None, link=None, profileImageUrl=None, profileBannerUrl=None, label=None)]",12,2021,1,5,0,47,False,earlier year spent day dr jason invented theragun later started therabody way bring wellness everybody part therabody family means prioritizing recovery inspiring others takecontrol recovery,0.4,0.1,18760,302
